step,scf_accuracy_ry
1,30.8877555
2,120.27137921
3,16.50760572
4,29.37211793
5,90.92905851
6,29.04319067
7,7.13265361
8,7.38849046
9,5.2336739
10,6.26241379
11,1.54988304
12,1.10452603
13,1.09059192
14,0.21923741
15,0.73334196
16,2.06149772
17,0.14545973
18,0.0473635
19,0.04697423
20,0.0323887
21,0.02805918
22,0.03227745
23,0.01178531
24,0.01055947
25,0.00841288
26,0.05855191
27,0.0058489
28,0.00341817
29,0.00279032
30,0.001596
31,0.00194561
32,0.00149482
33,0.0007535
34,0.00066894
35,0.00061648
36,0.00350077
37,0.00061791
38,0.00038857
39,0.00026596
40,0.00017732
41,0.00018925
42,0.00015095
43,0.00010702
44,9.958e-05
45,0.00010042
46,0.00037658
47,0.00011877
48,5.828e-05
49,3.545e-05
50,3.023e-05
51,2.942e-05
52,2.448e-05
53,2.081e-05
54,1.605e-05
55,1.559e-05
56,4.144e-05
57,2.559e-05
58,1.133e-05
59,7.59e-06
60,7.89e-06
61,6.91e-06
62,4.78e-06
63,4.08e-06
64,2.34e-06
65,2.4e-06
66,7.19e-06
67,8.15e-06
68,2.57e-06
69,1.34e-06
70,1.17e-06
71,7.5e-07
72,6.1e-07
73,6.5e-07
74,4.4e-07
75,4.4e-07
76,1.6e-06
77,1.81e-06
78,4.1e-07
79,2e-07
80,1.8e-07
81,1.4e-07
82,1.3e-07
83,1.4e-07
84,1e-07
85,9e-08
1,0.02910516
2,0.18694088
3,0.37988871
4,0.0248715
5,0.02266693
6,0.01207732
7,0.00247553
8,0.0021669
9,0.00230591
10,0.00137204
11,0.00049571
12,0.00047731
13,0.00073692
14,0.00243922
15,0.00015961
16,0.00014609
17,9.919e-05
18,3.243e-05
19,4.298e-05
20,3.837e-05
21,1.531e-05
22,1.431e-05
23,2.334e-05
24,4.926e-05
25,7.72e-06
26,7.01e-06
27,6.23e-06
28,2.82e-06
29,2.59e-06
30,2.06e-06
31,1.37e-06
32,1.61e-06
33,2.76e-06
34,7.53e-06
35,1.24e-06
36,9.1e-07
37,8.3e-07
38,4.3e-07
39,3.4e-07
40,3.5e-07
41,2.7e-07
42,2.6e-07
43,3.7e-07
44,1.57e-06
45,1.8e-07
46,1.1e-07
47,9e-08
1,0.05765607
2,0.54792726
3,0.4772774
4,0.05086876
5,0.05162768
6,0.01642492
7,0.00320621
8,0.00382283
9,0.00307631
10,0.00132813
11,0.0008634
12,0.00174074
13,0.02324926
14,0.00108386
15,0.00017464
16,8.711e-05
17,7.318e-05
18,8.891e-05
19,2.807e-05
20,3.866e-05
21,8.73e-06
22,6.3e-06
23,8.39e-06
24,3.479e-05
25,2.407e-05
26,1e-06
27,1.54e-06
28,7.5e-07
29,8e-07
30,8.3e-07
31,3.9e-07
32,5e-07
33,5.7e-07
34,3.17e-06
35,5.1e-07
36,3.3e-07
37,2.1e-07
38,9e-08
1,0.00640601
2,0.05064899
3,0.01640157
4,0.00760835
5,0.00625862
6,0.00192377
7,0.00059532
8,0.00052351
9,0.00058079
10,0.00035128
11,7.738e-05
12,0.00036629
13,0.00082587
14,8.109e-05
15,2.576e-05
16,2.345e-05
17,1.809e-05
18,2.87e-05
19,1.512e-05
20,9.07e-06
21,2.47e-06
22,3.26e-06
23,4.906e-05
24,3.24e-06
25,2.59e-06
26,5.1e-07
27,3.8e-07
28,2.3e-07
29,2.7e-07
30,2.7e-07
31,3.6e-07
32,9e-08
1,0.00780852
2,0.01622858
3,0.07879367
4,0.0130807
5,0.00637798
6,0.00305131
7,0.0011282
8,0.00093591
9,0.00061325
10,0.00044868
11,0.00025736
12,0.00020891
13,0.00110475
14,0.00025127
15,6.701e-05
16,4.355e-05
17,4.602e-05
18,2.442e-05
19,2.657e-05
20,1.09e-05
21,5.67e-06
22,9.2e-06
23,3.85e-05
24,1.795e-05
25,4.86e-06
26,2.79e-06
27,2.42e-06
28,1.22e-06
29,1.58e-06
30,8.2e-07
31,5.4e-07
32,7.7e-07
33,2.41e-06
34,1.46e-06
35,4.6e-07
36,3.1e-07
37,2.5e-07
38,1.9e-07
39,2.8e-07
40,1.2e-07
41,9e-08
1,0.00730513
2,0.0568721
3,0.0851187
4,0.00605015
5,0.00536482
6,0.00357969
7,0.00084746
8,0.00093908
9,0.00070967
10,0.0001504
11,0.00012086
12,7.675e-05
13,6.491e-05
14,7.596e-05
15,0.00033699
16,0.00014329
17,1.911e-05
18,1.589e-05
19,8.16e-06
20,6.89e-06
21,1.027e-05
22,3.85e-06
23,1.26e-06
24,1.46e-06
25,6.78e-06
26,6.38e-06
27,1.04e-06
28,8.1e-07
29,3.4e-07
30,2.5e-07
31,2.7e-07
32,2.6e-07
33,1.8e-07
34,1.6e-07
35,2.8e-07
36,4.3e-07
37,1.4e-07
38,1.7e-07
39,9e-08
40,7e-08
1,0.00633046
2,0.01341183
3,0.02158022
4,0.02608077
5,0.00549812
6,0.00334066
7,0.00073999
8,0.00101921
9,0.00066441
10,0.00014967
11,0.00017795
12,9.948e-05
13,6.284e-05
14,0.00100414
15,6.066e-05
16,2.559e-05
17,1.253e-05
18,1.22e-05
19,8.39e-06
20,7.73e-06
21,6.21e-06
22,5.69e-06
23,1.29e-06
24,4.3e-06
25,5.76e-06
26,1.59e-06
27,9.3e-07
28,6.4e-07
29,3.3e-07
30,2.4e-07
31,2.1e-07
32,2.5e-07
33,1.8e-07
34,5.1e-07
35,1.24e-06
36,9e-08
37,1e-07
38,7e-08
39,4e-08
1,0.00630179
2,0.01064588
3,0.02183542
4,0.02512517
5,0.00600627
6,0.00352557
7,0.00072509
8,0.00080873
9,0.00060604
10,0.00021251
11,0.00017549
12,8.723e-05
13,5.762e-05
14,0.00063544
15,7.787e-05
16,3.456e-05
17,2.99e-05
18,9.21e-06
19,7.94e-06
20,8.57e-06
21,6.51e-06
22,6.81e-06
23,1.94e-06
24,8.5e-06
25,5.02e-06
26,1.23e-06
27,1.01e-06
28,5.6e-07
29,4e-07
30,2.6e-07
31,2.5e-07
32,2.3e-07
33,1.6e-07
34,5.1e-07
35,5.8e-07
36,1.2e-07
37,8e-08
38,9e-08
39,5e-08
40,4e-08
41,4e-08
42,4e-08
43,3e-08
1,0.01075857
2,0.01482519
3,0.01820097
4,0.08092142
5,0.01243327
6,0.00639596
7,0.00133029
8,0.00152891
9,0.00074175
10,0.00030849
11,0.00029606
12,0.00016923
13,0.00010151
14,0.00038662
15,0.00037506
16,0.00011442
17,7.789e-05
18,2.262e-05
19,3.324e-05
20,1.233e-05
21,6.74e-06
22,1.152e-05
23,4.21e-06
24,1.246e-05
25,1.424e-05
26,4.43e-06
27,1.94e-06
28,1.21e-06
29,1.49e-06
30,8.2e-07
31,4.2e-07
32,5.4e-07
33,2.1e-07
34,3.7e-07
35,9.9e-07
36,2.9e-07
37,1.7e-07
38,1.6e-07
39,1.1e-07
40,7e-08
41,4e-08
42,4e-08
43,3e-08
44,5e-08
45,3.2e-07
46,7e-08
47,3e-08
1,0.01962466
2,0.09617219
3,0.07948182
4,0.02570874
5,0.01445434
6,0.00686594
7,0.00499873
8,0.0022063
9,0.00087038
10,0.00071086
11,0.0004818
12,0.0009487
13,0.01073994
14,0.00029522
15,0.00015775
16,9.602e-05
17,7.194e-05
18,8.053e-05
19,8.174e-05
20,1.493e-05
21,1.314e-05
22,9.53e-06
23,5.965e-05
24,6.656e-05
25,1.076e-05
26,5.14e-06
27,1.8e-06
28,2.02e-06
29,8.8e-07
30,1.19e-06
31,7.4e-07
32,5.3e-07
33,7.1e-07
34,3.98e-06
35,9e-08
36,1e-07
37,9e-08
38,6e-08
39,7e-08
40,4e-08
41,3e-08
1,0.00607236
2,0.19722773
3,0.01891037
4,0.00445773
5,0.00319559
6,0.00187925
7,0.00061414
8,0.00064374
9,0.00025301
10,0.00016887
11,0.00012776
12,0.00034948
13,0.00320585
14,4.957e-05
15,1.729e-05
16,1.314e-05
17,1.595e-05
18,1.087e-05
19,1.536e-05
20,3.39e-06
21,1.39e-06
22,2.2e-06
23,2.357e-05
24,2.26e-06
25,9.7e-07
26,9.5e-07
27,4.8e-07
28,4.7e-07
29,2.7e-07
30,8e-08
31,7e-08
32,8e-08
33,8.6e-07
34,1.4e-07
35,6e-08
36,3e-08
1,0.00089858
2,0.01911832
3,0.00106701
4,0.00107795
5,0.00057484
6,0.00024569
7,0.00015299
8,7.871e-05
9,5.682e-05
10,3.588e-05
11,1.239e-05
12,6.333e-05
13,9.75e-05
14,1.026e-05
15,4.94e-06
16,5.78e-06
17,3.74e-06
18,2.1e-06
19,2.72e-06
20,1.8e-06
21,1.05e-06
22,1.82e-06
23,1.154e-05
24,2.9e-07
25,2.5e-07
26,1.8e-07
27,1.7e-07
28,1e-07
29,7e-08
30,5e-08
31,2e-08
1,0.00104342
2,0.02735766
3,0.00231642
4,0.00085375
5,0.00065471
6,0.00057392
7,0.00019241
8,0.00016299
9,4.837e-05
10,3.415e-05
11,2.658e-05
12,2.97e-05
13,0.00055994
14,1.826e-05
15,8.05e-06
16,6.64e-06
17,4.62e-06
18,2.47e-06
19,2.34e-06
20,1.61e-06
21,1.12e-06
22,2.04e-06
23,6.55e-06
24,3.19e-06
25,4.9e-07
26,2.7e-07
27,1.3e-07
28,1.4e-07
29,1e-07
30,1.3e-07
31,7e-08
32,3e-08
33,4e-08
34,1.1e-07
35,8.9e-09
1,0.00230042
2,0.03965643
3,0.00411229
4,0.00241608
5,0.00150848
6,0.00098815
7,0.00047056
8,0.00035834
9,9.64e-05
10,7.15e-05
11,6.955e-05
12,0.00012883
13,0.00073981
14,3.796e-05
15,2.017e-05
16,1.696e-05
17,1.197e-05
18,6.55e-06
19,7.5e-06
20,2.46e-06
21,2.92e-06
22,4.9e-06
23,4.487e-05
24,1.6e-06
25,1.29e-06
26,7.2e-07
27,3.3e-07
28,2.7e-07
29,2e-07
30,9e-08
31,1e-07
32,1.6e-07
33,1.09e-06
34,8e-08
35,4e-08
36,2e-08
37,1e-08
1,0.00521453
2,0.08886212
3,0.00754283
4,0.00660694
5,0.00319277
6,0.00161652
7,0.00139135
8,0.0005582
9,0.00026607
10,0.00021918
11,0.00013294
12,0.00030553
13,0.0016998
14,5.572e-05
15,6.512e-05
16,3.547e-05
17,2.877e-05
18,1.552e-05
19,1.513e-05
20,6.01e-06
21,7.39e-06
22,1.285e-05
23,7.718e-05
24,2.36e-06
25,2.46e-06
26,1.37e-06
27,7.4e-07
28,1.02e-06
29,6.1e-07
30,2.3e-07
31,2.1e-07
32,2.4e-07
33,1.46e-06
34,1.1e-07
35,1.1e-07
36,8e-08
37,4e-08
38,6e-08
39,2e-08
1,0.00207348
2,0.02291616
3,0.00321876
4,0.00296202
5,0.00137417
6,0.00077323
7,0.00045428
8,0.00018312
9,0.00015861
10,0.00010695
11,4.18e-05
12,0.00010377
13,0.00077631
14,1.896e-05
15,1.875e-05
16,1.758e-05
17,1.136e-05
18,7.24e-06
19,5.04e-06
20,1.36e-06
21,1.22e-06
22,1.73e-06
23,1.473e-05
24,2.23e-06
25,7.7e-07
26,3.7e-07
27,4.1e-07
28,2.4e-07
29,1.3e-07
30,6e-08
31,4e-08
32,4e-08
33,4.6e-07
34,1.3e-07
35,4e-08
36,2e-08
1,0.00262314
2,0.01771937
3,0.00579151
4,0.00438967
5,0.00105299
6,0.00072648
7,0.00067917
8,0.00023673
9,0.00029059
10,0.00011717
11,6.089e-05
12,8.667e-05
13,0.0007284
14,1.898e-05
15,3.245e-05
16,1.342e-05
17,7.1e-06
18,1.053e-05
19,4.85e-06
20,2.21e-06
21,2.36e-06
22,1.37e-06
23,1.167e-05
24,3.05e-06
25,9.1e-07
26,5.2e-07
27,3.9e-07
28,5e-07
29,2.1e-07
30,2.2e-07
31,9e-08
32,7e-08
33,4.2e-07
34,3.3e-07
35,4e-08
36,4e-08
37,2e-08
38,2e-08
39,1e-08
1,0.00553671
2,0.00700604
3,0.04638112
4,0.0121762
5,0.00394683
6,0.00128118
7,0.00089914
8,0.00035799
9,0.00059436
10,0.00028316
11,7.139e-05
12,0.00012141
13,0.00010703
14,0.00015302
15,5.412e-05
16,4.589e-05
17,2.037e-05
18,1.481e-05
19,3.13e-06
20,5.34e-06
21,3.57e-06
22,1.94e-06
23,5.15e-06
24,1.417e-05
25,1.29e-06
26,4.1e-07
27,6.5e-07
28,2.3e-07
29,2.5e-07
30,1.3e-07
31,9e-08
32,6e-08
33,1.2e-07
34,4.7e-07
35,1.2e-07
36,6e-08
37,3e-08
38,1e-08
1,0.01465649
2,0.01278077
3,0.03230314
4,0.18967487
5,0.02083154
6,0.0050339
7,0.00147593
8,0.00123086
9,0.00173457
10,0.00092194
11,0.00020152
12,0.00023612
13,0.00017126
14,0.00042663
15,0.00016334
16,9.344e-05
17,5.324e-05
18,5.255e-05
19,4.053e-05
20,3.048e-05
21,2.266e-05
22,5.71e-06
23,2.88e-06
24,5.3e-06
25,1.113e-05
26,2.52e-06
27,2.65e-06
28,1.88e-06
29,3.1e-07
30,3.3e-07
31,3.3e-07
32,2.3e-07
33,3.1e-07
34,1.2e-07
35,1.42e-06
36,5.7e-07
37,1.3e-07
38,6e-08
39,1.4e-07
40,3e-08
41,2e-08
42,5e-08
43,2e-08
44,1e-08
1,0.00827094
2,0.01241429
3,0.05004102
4,0.01238274
5,0.01003399
6,0.0019532
7,0.00036453
8,0.00033249
9,0.00029292
10,0.00021736
11,0.00014654
12,0.00012464
13,0.00171287
14,0.00011508
15,3.989e-05
16,2.388e-05
17,2.811e-05
18,1.068e-05
19,7.98e-06
20,5.86e-06
21,3.41e-06
22,4.71e-06
23,2.816e-05
24,1.279e-05
25,2.59e-06
26,1.9e-06
27,8.6e-07
28,4.5e-07
29,3.1e-07
30,2.8e-07
31,1.6e-07
32,2.4e-07
33,8.6e-07
34,5.6e-07
35,1.2e-07
36,1.1e-07
37,6e-08
38,6e-08
39,3e-08
40,4e-08
41,2e-08
42,3e-08
43,6e-08
44,8e-08
45,2e-08
46,1e-08
47,6.5e-09
1,0.00056607
2,0.00050653
3,0.00888903
4,0.00237505
5,0.00021252
6,8.148e-05
7,6.857e-05
8,4.303e-05
9,3.758e-05
10,1.137e-05
11,4.19e-06
12,3.67e-06
13,2.28e-06
14,3.472e-05
15,5.18e-06
16,1.96e-06
17,1.03e-06
18,7.9e-07
19,3.7e-07
20,2.9e-07
21,1.5e-07
22,1.1e-07
23,1e-07
24,4.3e-07
25,2.3e-07
26,5e-08
27,5e-08
28,4e-08
29,2e-08
30,2e-08
31,3.8e-09
32,2.2e-09
33,2.8e-09
34,8.1e-09
35,9.9e-09
36,1.6e-09
37,1.1e-09
1,0.00027409
2,0.00029064
3,0.00217939
4,0.00103886
5,0.00011159
6,4.434e-05
7,3.379e-05
8,2.748e-05
9,3.847e-05
10,1.754e-05
11,8.38e-06
12,1.075e-05
13,3.906e-05
14,4.06e-06
15,1.88e-06
16,1.05e-06
17,1.24e-06
18,1.58e-06
19,4.8e-07
20,3.1e-07
21,2e-07
22,2.6e-07
23,7.2e-07
24,1.82e-06
25,1.1e-07
26,7e-08
27,4e-08
28,4e-08
29,2e-08
30,9e-09
31,3e-08
32,2e-09
1,0.00079245
2,0.00222007
3,0.00193668
4,0.00103094
5,0.00072646
6,0.00028773
7,8.327e-05
8,4.639e-05
9,2.928e-05
10,2.416e-05
11,2.989e-05
12,1.419e-05
13,5.072e-05
14,1.657e-05
15,3.83e-06
16,3.75e-06
17,3.22e-06
18,1.14e-06
19,1.22e-06
20,1.03e-06
21,9.4e-07
22,3.2e-07
23,2.16e-06
24,6.7e-07
25,3.3e-07
26,3e-08
27,5e-08
28,2e-08
29,1e-08
30,1e-08
31,1e-08
32,6.2e-09
33,3e-08
34,2e-08
35,5.6e-09
36,5.8e-09
37,7.5e-09
38,6.7e-09
39,8.5e-10
1,0.00201975
2,0.0081011
3,0.00460947
4,0.00305802
5,0.00170203
6,0.00053197
7,9.514e-05
8,0.00011083
9,5.464e-05
10,4.188e-05
11,6.208e-05
12,2.881e-05
13,0.00038639
14,2.171e-05
15,1.14e-05
16,5.76e-06
17,1.222e-05
18,3.86e-06
19,1.92e-06
20,6.1e-07
21,5.2e-07
22,5.2e-07
23,4.75e-06
24,7.3e-07
25,3.7e-07
26,1.7e-07
27,2.3e-07
28,1.3e-07
29,1e-07
30,4e-08
31,4e-08
32,4e-08
33,2.1e-07
34,5e-08
35,3e-08
36,2e-08
37,1e-08
38,1e-08
39,9.7e-09
40,4.3e-09
41,3.1e-09
1,0.00010672
2,0.00138026
3,0.00024176
4,0.00012237
5,6.6e-05
6,5.138e-05
7,2.466e-05
8,2.107e-05
9,3.49e-06
10,3.09e-06
11,2.23e-06
12,4.24e-06
13,3.908e-05
14,1.73e-06
15,1.18e-06
16,7.1e-07
17,4.9e-07
18,2.4e-07
19,2.8e-07
20,8e-08
21,1.1e-07
22,1.4e-07
23,1.28e-06
24,5e-08
25,5e-08
26,3e-08
27,1e-08
28,1e-08
29,1e-08
30,3.9e-09
31,4e-09
32,5.4e-09
33,5e-08
34,2.9e-09
1,0.00018537
2,0.01465296
3,0.00013122
4,0.00014574
5,8.566e-05
6,5.204e-05
7,4.55e-05
8,2.926e-05
9,9.1e-06
10,5.63e-06
11,3.5e-06
12,3.4e-06
13,7.849e-05
14,1.64e-06
15,1.94e-06
16,1.09e-06
17,7.1e-07
18,3.7e-07
19,4.4e-07
20,1.9e-07
21,2e-07
22,2.3e-07
23,1.52e-06
24,1.3e-07
25,6e-08
26,4e-08
27,2e-08
28,2e-08
29,1e-08
30,7.9e-09
31,8.3e-09
32,8.4e-09
33,2e-08
34,7.5e-09
35,2.1e-09
36,2.1e-09
37,1.1e-09
1,0.00029928
2,0.0044899
3,0.00065716
4,0.00033775
5,0.0001782
6,0.00011714
7,0.00010094
8,6.43e-05
9,2.026e-05
10,1.55e-05
11,8.32e-06
12,1.204e-05
13,0.00015934
14,4.97e-06
15,4.79e-06
16,2.33e-06
17,2.11e-06
18,1.04e-06
19,9.6e-07
20,4.4e-07
21,4.1e-07
22,6.7e-07
23,8.42e-06
24,2.6e-07
25,3.1e-07
26,9e-08
27,5e-08
28,3e-08
29,3e-08
30,2e-08
31,2e-08
32,2e-08
33,1.4e-07
34,9.3e-09
35,5.6e-09
36,2.8e-09
37,1.7e-09
1,0.00062727
2,0.00756661
3,0.00129975
4,0.00075163
5,0.00038692
6,0.00022229
7,0.0002091
8,0.00010199
9,4.451e-05
10,2.914e-05
11,9.31e-06
12,2.553e-05
13,0.00012089
14,1.38e-05
15,8.51e-06
16,5.22e-06
17,2.84e-06
18,1.81e-06
19,1.76e-06
20,6.5e-07
21,5.4e-07
22,6.5e-07
23,3.81e-06
24,1.23e-06
25,2.5e-07
26,2e-07
27,6e-08
28,1.1e-07
29,6e-08
30,4e-08
31,2e-08
32,2e-08
33,1.6e-07
34,9e-08
35,1e-08
36,9e-09
37,3.8e-09
38,3.4e-09
1,0.00128381
2,0.01171175
3,0.00351765
4,0.00142804
5,0.00076423
6,0.00055949
7,0.00053253
8,0.00030096
9,7.738e-05
10,4.88e-05
11,2.824e-05
12,5.78e-05
13,0.00072352
14,1.787e-05
15,1.404e-05
16,9.49e-06
17,7.06e-06
18,4.31e-06
19,5.21e-06
20,1.58e-06
21,1.35e-06
22,2.06e-06
23,1.349e-05
24,1.23e-06
25,5.4e-07
26,3.9e-07
27,2e-07
28,2e-07
29,1.7e-07
30,7e-08
31,6e-08
32,7e-08
33,5e-07
34,1e-07
35,2e-08
36,2e-08
37,9.6e-09
38,1e-08
39,9.2e-09
40,6.5e-09
41,4.8e-09
42,4.4e-09
1,0.00115243
2,0.01687998
3,0.00205231
4,0.0014262
5,0.00065146
6,0.00047391
7,0.00041077
8,0.00020646
9,7.176e-05
10,5.583e-05
11,3.396e-05
12,6.076e-05
13,0.00081464
14,1.362e-05
15,1.737e-05
16,7.48e-06
17,5.45e-06
18,3.99e-06
19,4.55e-06
20,1.31e-06
21,1.39e-06
22,1.58e-06
23,1.568e-05
24,1.12e-06
25,6.9e-07
26,3.5e-07
27,1.5e-07
28,2.1e-07
29,1.3e-07
30,6e-08
31,5e-08
32,5e-08
33,4.1e-07
34,7e-08
35,2e-08
36,2e-08
37,9.7e-09
38,1e-08
39,8.5e-09
40,5.3e-09
41,2.7e-09
1,0.00038571
2,0.00200698
3,0.00085863
4,0.00059749
5,0.00022498
6,0.00015631
7,9.877e-05
8,5.518e-05
9,2.639e-05
10,2.162e-05
11,8.43e-06
12,1.801e-05
13,2.562e-05
14,2.716e-05
15,6.3e-06
16,3.27e-06
17,1.58e-06
18,1.07e-06
19,1.21e-06
20,4.5e-07
21,5.7e-07
22,4.2e-07
23,4.8e-07
24,1.75e-06
25,1.3e-07
26,1e-07
27,6e-08
28,8e-08
29,5e-08
30,2e-08
31,2e-08
32,8.1e-09
33,2e-08
34,8e-08
35,8.9e-09
36,6.6e-09
37,4e-09
38,3.4e-09
39,1.4e-09
1,0.00047137
2,0.00055542
3,0.00364543
4,0.00117268
5,0.00021901
6,0.00010177
7,5.92e-05
8,3.991e-05
9,4.777e-05
10,3.288e-05
11,1.196e-05
12,2.563e-05
13,0.00018274
14,2.81e-06
15,4.55e-06
16,2.4e-06
17,1.22e-06
18,1.72e-06
19,1.2e-06
20,4.5e-07
21,2.3e-07
22,2.9e-07
23,3.7e-06
24,1.31e-06
25,7e-08
26,4e-08
27,4e-08
28,2e-08
29,2e-08
30,3e-08
31,8.3e-09
32,9.6e-09
33,2e-08
34,2e-08
35,4.8e-09
36,5.5e-09
37,7.7e-09
38,4.7e-09
39,1.9e-09
1,0.00016897
2,0.00043736
3,0.0006294
4,0.00026475
5,0.00018305
6,2.121e-05
7,1.548e-05
8,1.925e-05
9,2.07e-05
10,9.76e-06
11,1.109e-05
12,1.416e-05
13,6.154e-05
14,4.84e-06
15,1.14e-06
16,8.3e-07
17,6.2e-07
18,5.6e-07
19,2.4e-07
20,2e-07
21,2.6e-07
22,3e-07
23,3.78e-06
24,4.8e-07
25,1.3e-07
26,3e-08
27,3e-08
28,2e-08
29,1e-08
30,1e-08
31,7.7e-09
32,5.1e-09
33,6e-08
34,2e-08
35,4.9e-09
36,1e-08
37,7.8e-10
1,0.00016337
2,0.00024068
3,0.00084839
4,0.00035627
5,0.00011476
6,2.011e-05
7,1.11e-05
8,1.163e-05
9,1.828e-05
10,1.084e-05
11,1.81e-06
12,3.6e-06
13,6.05e-06
14,1.01e-06
15,9.5e-07
16,2.02e-06
17,7.7e-07
18,4.8e-07
19,1.7e-07
20,1e-07
21,2.1e-07
22,3e-08
23,5.6e-07
24,1.3e-07
25,3e-08
26,1e-08
27,1e-08
28,1e-08
29,5e-09
30,4.6e-09
31,2.1e-09
32,2.8e-09
33,1.8e-09
34,1e-08
35,1.2e-09
1,0.00016534
2,0.00310329
3,0.00016037
4,0.00024877
5,0.00010082
6,3.679e-05
7,1.805e-05
8,1e-05
9,4.52e-06
10,3.9e-06
11,3.16e-06
12,4.36e-06
13,4.54e-06
14,2.73e-06
15,5.4e-07
16,4.9e-07
17,4.6e-07
18,6.6e-07
19,3.8e-07
20,6e-08
21,1.1e-07
22,2e-08
23,3e-08
24,1.4e-07
25,2e-08
26,9.5e-09
27,9.5e-09
28,3.9e-09
29,3.7e-09
30,2.8e-09
31,2.8e-09
32,4.2e-09
33,1.6e-09
1,0.00022733
2,0.00042202
3,0.00138525
4,0.0003742
5,0.00016657
6,0.00010305
7,5.284e-05
8,4.058e-05
9,9.06e-06
10,8.52e-06
11,6.74e-06
12,6.78e-06
13,0.00011437
14,1.674e-05
15,2.43e-06
16,1.59e-06
17,8.2e-07
18,6.3e-07
19,6.9e-07
20,3.2e-07
21,3.7e-07
22,2.6e-07
23,5.3e-07
24,2.4e-07
25,1e-07
26,5e-08
27,4e-08
28,3e-08
29,3e-08
30,8.1e-09
31,1e-08
32,8.7e-09
33,2e-08
34,1e-08
35,5.3e-09
36,2.8e-09
37,2.6e-09
38,2.1e-09
39,1.4e-09
1,0.00024896
2,0.00184368
3,0.00042416
4,0.00034849
5,0.00020389
6,7.922e-05
7,4.104e-05
8,1.53e-05
9,1.45e-05
10,8.56e-06
11,3.72e-06
12,6.92e-06
13,1.725e-05
14,6.84e-06
15,2.29e-06
16,1.22e-06
17,6.3e-07
18,7.2e-07
19,3.5e-07
20,3.3e-07
21,1.8e-07
22,1.2e-07
23,2.3e-07
24,1.31e-06
25,1e-07
26,7e-08
27,5e-08
28,6e-08
29,2e-08
30,3e-08
31,7.9e-09
32,5.3e-09
33,8.9e-09
34,5e-08
35,4.4e-09
36,3.9e-09
37,2.5e-09
38,1.7e-09
39,1.1e-09
1,0.00037951
2,0.00297613
3,0.00088174
4,0.00045366
5,0.00025668
6,0.00017799
7,0.0001123
8,7.632e-05
9,1.961e-05
10,1.598e-05
11,1.375e-05
12,2.628e-05
13,0.00027098
14,7.8e-06
15,4.42e-06
16,2.43e-06
17,1.95e-06
18,1.39e-06
19,1.38e-06
20,5.2e-07
21,5.6e-07
22,7.2e-07
23,3.73e-06
24,2.7e-07
25,2e-07
26,9e-08
27,6e-08
28,8e-08
29,5e-08
30,2e-08
31,2e-08
32,2e-08
33,1e-07
34,2e-08
35,7.1e-09
36,5.5e-09
37,3e-09
38,3.9e-09
39,2.3e-09
40,1.8e-09
41,1e-09
1,0.00050997
2,0.00106907
3,0.00170523
4,0.0011752
5,0.0002518
6,6.254e-05
7,5.081e-05
8,2.676e-05
9,3.057e-05
10,2.345e-05
11,1.134e-05
12,1.628e-05
13,0.00011753
14,2.98e-06
15,2.16e-06
16,2e-06
17,1.56e-06
18,1.12e-06
19,3.8e-07
20,4.6e-07
21,3.7e-07
22,1.9e-07
23,9.3e-07
24,1.3e-07
25,5e-08
26,4e-08
27,6e-08
28,5e-08
29,1e-08
30,1e-08
31,9.1e-09
32,7.6e-09
33,5e-08
34,3e-08
35,5.2e-09
36,4.7e-09
37,3.2e-09
38,1.1e-09
1,0.00090423
2,0.0020341
3,0.0026694
4,0.00165218
5,0.00054113
6,0.00022314
7,0.00018258
8,7.123e-05
9,5.651e-05
10,5.2e-05
11,2.793e-05
12,3.197e-05
13,0.00011829
14,1.408e-05
15,8.82e-06
16,4.73e-06
17,4.64e-06
18,2.2e-06
19,1.3e-06
20,1.16e-06
21,1.42e-06
22,4.2e-07
23,7.4e-07
24,2.04e-06
25,1.6e-07
26,2.2e-07
27,1.6e-07
28,2e-07
29,5e-08
30,2e-08
31,2e-08
32,1e-08
33,2e-08
34,2.6e-07
35,2e-08
36,4.1e-09
37,2.8e-09
38,1.3e-09
1,0.00088278
2,0.00073865
3,0.0070786
4,0.00733588
5,0.00074949
6,0.00015433
7,9.488e-05
8,8.426e-05
9,8.672e-05
10,0.00013867
11,2.691e-05
12,2.139e-05
13,6.78e-06
14,1.882e-05
15,5.68e-06
16,4.19e-06
17,4.54e-06
18,5.23e-06
19,1.42e-06
20,1.11e-06
21,1.61e-06
22,7.1e-07
23,3.2e-07
24,2e-07
25,4.6e-07
26,2.37e-06
27,1.5e-07
28,1.9e-07
29,9e-08
30,1.2e-07
31,2e-08
32,2e-08
33,9.1e-09
34,9.8e-09
35,2e-08
36,1.6e-07
37,1e-08
38,2.7e-09
1,0.00037293
2,0.00043586
3,0.00138876
4,0.00176265
5,0.00015058
6,5.423e-05
7,2.799e-05
8,2.401e-05
9,2.143e-05
10,1.627e-05
11,8.33e-06
12,9.75e-06
13,5.471e-05
14,3.245e-05
15,1.69e-06
16,1.36e-06
17,1.42e-06
18,2.43e-06
19,7.1e-07
20,3e-07
21,2.7e-07
22,2.4e-07
23,1.44e-06
24,1.96e-06
25,3.2e-07
26,3e-08
27,2e-08
28,1e-08
29,1e-08
30,2e-08
31,1e-08
32,2e-08
33,2e-08
34,8e-08
35,9.8e-09
36,1.3e-09
1,0.00025761
2,0.0003074
3,0.00197924
4,0.00054991
5,0.00015362
6,4.819e-05
7,2.444e-05
8,1.401e-05
9,1.377e-05
10,2.215e-05
11,4.05e-06
12,5.92e-06
13,3.35e-06
14,1.547e-05
15,1.4e-06
16,1.26e-06
17,8.5e-07
18,1.13e-06
19,2.8e-07
20,2.7e-07
21,1e-07
22,6e-08
23,8e-08
24,4.7e-07
25,7e-08
26,2e-08
27,4e-08
28,9.4e-09
29,8.4e-09
30,8.8e-09
31,9e-09
32,5.3e-09
33,9.5e-09
34,9.7e-09
35,6.4e-09
36,7.5e-10
1,0.00066675
2,0.001703
3,0.00195133
4,0.00137669
5,0.00027028
6,0.00016281
7,0.00011938
8,3.539e-05
9,3.178e-05
10,2.428e-05
11,1.367e-05
12,2.683e-05
13,0.00010676
14,4.1e-06
15,2.46e-06
16,2.44e-06
17,2.77e-06
18,2.88e-06
19,5e-07
20,7.2e-07
21,3e-07
22,1.9e-07
23,1.44e-06
24,7.3e-07
25,1.1e-07
26,9e-08
27,4e-08
28,3e-08
29,3e-08
30,2e-08
31,2e-08
32,7.4e-09
33,4.4e-09
34,1e-08
35,3e-08
36,4.1e-09
37,2.9e-09
38,2.9e-09
39,8.1e-10
1,0.00073331
2,0.00062776
3,0.00898156
4,0.00258502
5,0.00039536
6,0.0002647
7,0.0001522
8,5.271e-05
9,4.875e-05
10,2.969e-05
11,1.22e-05
12,2.182e-05
13,5.5e-06
14,2.234e-05
15,4.715e-05
16,3.24e-06
17,2.04e-06
18,2.09e-06
19,1.15e-06
20,1.96e-06
21,6e-07
22,2.7e-07
23,1.9e-07
24,1.8e-07
25,1.78e-06
26,2.9e-07
27,1.7e-07
28,1.2e-07
29,1e-08
30,2e-08
31,9.6e-09
32,8.9e-09
33,9.2e-09
34,7.2e-09
35,1e-08
36,2e-08
37,4e-09
38,5.9e-09
39,4.2e-09
40,2.5e-09
41,4.5e-09
42,1.4e-09
1,0.00125063
2,0.00360936
3,0.0038765
4,0.00189677
5,0.00065988
6,0.00045856
7,0.00046925
8,0.00010018
9,0.00010808
10,6.033e-05
11,2.495e-05
12,4.842e-05
13,4.565e-05
14,3.313e-05
15,8.11e-06
16,7.7e-06
17,5.22e-06
18,8.74e-06
19,1.94e-06
20,8.1e-07
21,6.2e-07
22,6.9e-07
23,2.11e-06
24,1.093e-05
25,5.7e-07
26,8e-08
27,9e-08
28,4e-08
29,3e-08
30,6e-08
31,1e-08
32,1e-08
33,4e-08
34,1.1e-07
35,8.1e-09
36,4.8e-09
37,5e-09
38,2e-09
1,0.00026372
2,0.00030135
3,0.00142525
4,0.00090884
5,0.00014975
6,4.538e-05
7,2.618e-05
8,1.638e-05
9,1.241e-05
10,1.312e-05
11,8.33e-06
12,5.35e-06
13,3.797e-05
14,5.53e-06
15,1.81e-06
16,1.17e-06
17,8.2e-07
18,4.6e-07
19,2.5e-07
20,2.9e-07
21,2e-07
22,1.3e-07
23,4.9e-07
24,9.7e-07
25,6e-08
26,6e-08
27,5e-08
28,9.2e-09
29,5.6e-09
30,3.3e-09
31,2.8e-09
32,3.1e-09
33,4.4e-09
34,4e-08
35,4.8e-09
36,2.5e-09
37,1.4e-09
1,0.00026498
2,0.00243966
3,0.00034147
4,0.00046829
5,0.00017461
6,5.27e-05
7,1.566e-05
8,1.45e-05
9,9.44e-06
10,6.75e-06
11,5.99e-06
12,1.777e-05
13,1.595e-05
14,3.69e-06
15,1.26e-06
16,7.7e-07
17,1.2e-06
18,3.7e-07
19,5.1e-07
20,3.9e-07
21,4e-07
22,1.31e-06
23,4.48e-06
24,1.6e-07
25,3e-08
26,3e-08
27,3e-08
28,2e-08
29,2e-08
30,1e-08
31,8.8e-09
32,2e-08
33,1e-07
34,3.6e-09
35,2.1e-09
36,1.5e-09
37,2.3e-09
38,2.1e-09
39,8e-10
1,0.00013847
2,0.00017981
3,0.00093671
4,0.00028531
5,0.00010025
6,3.578e-05
7,2.211e-05
8,1.395e-05
9,9.31e-06
10,7.04e-06
11,5.32e-06
12,4.13e-06
13,2.34e-05
14,3.6e-06
15,1.47e-06
16,8.5e-07
17,1.34e-06
18,2.2e-07
19,3.1e-07
20,1.7e-07
21,1e-07
22,9e-08
23,5e-08
24,1.1e-07
25,4.9e-07
26,7e-08
27,4e-08
28,3e-08
29,5.8e-09
30,2.2e-09
31,2.1e-09
32,1.2e-09
33,1.4e-09
34,2.4e-09
35,2e-08
36,1.8e-09
37,2.5e-10
1,0.00027154
2,0.00050307
3,0.00111489
4,0.00044335
5,0.00020075
6,4.392e-05
7,4.006e-05
8,1.847e-05
9,1.612e-05
10,1.447e-05
11,4.23e-06
12,6.56e-06
13,1.122e-05
14,8.22e-06
15,1.73e-06
16,2.95e-06
17,1.05e-06
18,6.9e-07
19,3.3e-07
20,1.9e-07
21,1.6e-07
22,1.4e-07
23,2.3e-07
24,3.2e-07
25,3e-08
26,4e-08
27,2e-08
28,2e-08
29,1e-08
30,8.8e-09
31,6.1e-09
32,4.2e-09
33,7e-09
34,2e-08
35,2.2e-09
36,2.7e-09
37,1.9e-09
38,1.6e-09
39,8.4e-10
1,0.00020719
2,0.00035261
3,0.00093003
4,0.00049844
5,0.00010359
6,3.269e-05
7,3.333e-05
8,1.458e-05
9,1.186e-05
10,7.8e-06
11,4.47e-06
12,3.65e-06
13,1.37e-06
14,1.03e-05
15,5.77e-06
16,1.23e-06
17,4.9e-07
18,4.2e-07
19,5.4e-07
20,1.6e-07
21,2e-07
22,9e-08
23,2e-08
24,9e-08
25,1e-07
26,2e-08
27,2e-08
28,2e-08
29,7.1e-09
30,5.1e-09
31,2.1e-09
32,1.6e-09
33,2.3e-09
34,4.3e-09
35,3.8e-09
36,3.2e-09
37,1.1e-09
38,4.2e-10
1,0.00038121
2,0.00077723
3,0.00130077
4,0.00093466
5,0.00013352
6,7.984e-05
7,6.155e-05
8,2.125e-05
9,2.406e-05
10,1.173e-05
11,8.74e-06
12,6.87e-06
13,3.774e-05
14,5.28e-06
15,4.73e-06
16,1.61e-06
17,9e-07
18,8.2e-07
19,6.1e-07
20,2.8e-07
21,3.8e-07
22,2.7e-07
23,7.9e-07
24,6.2e-07
25,1.3e-07
26,6e-08
27,4e-08
28,5e-08
29,2e-08
30,2e-08
31,2e-08
32,1e-08
33,3e-08
34,4e-08
35,5.9e-09
36,3.3e-09
37,2.7e-09
38,2.5e-09
39,1.8e-09
40,1.3e-09
41,5.9e-10
1,0.00042808
2,0.00083357
3,0.0013858
4,0.00109008
5,0.00014666
6,7.082e-05
7,3.957e-05
8,2.607e-05
9,5.856e-05
10,1.848e-05
11,9.21e-06
12,1.168e-05
13,3.214e-05
14,4.49e-06
15,3.56e-06
16,1.67e-06
17,1.21e-06
18,1.33e-06
19,4.7e-07
20,1.7e-07
21,1e-07
22,8e-08
23,4.7e-07
24,1.04e-06
25,6e-08
26,3e-08
27,2e-08
28,2e-08
29,2e-08
30,3e-08
31,4.9e-09
32,8.5e-09
33,1e-08
34,3.7e-09
35,5.4e-09
36,1.4e-09
37,8.1e-10
1,0.00122804
2,0.00472546
3,0.00224394
4,0.00240909
5,0.0004319
6,0.00022372
7,0.00024216
8,9.476e-05
9,0.00014634
10,5.077e-05
11,1.785e-05
12,4.005e-05
13,0.00011666
14,8.49e-06
15,6.06e-06
16,9.1e-06
17,3.02e-06
18,3.11e-06
19,8.9e-07
20,6.4e-07
21,6.1e-07
22,4.9e-07
23,7.74e-06
24,7.9e-07
25,1.1e-07
26,1.3e-07
27,1.2e-07
28,1e-07
29,4e-08
30,2e-08
31,1e-08
32,1e-08
33,1.9e-07
34,5e-08
35,8e-09
36,6.5e-09
37,6.9e-09
38,3.1e-09
39,3.2e-09
40,1.6e-09
41,1.1e-09
1,0.00045133
2,0.00094931
3,0.00199615
4,0.00086378
5,0.0001754
6,0.0001106
7,0.00013047
8,4.025e-05
9,7.098e-05
10,1.613e-05
11,1.17e-05
12,1.255e-05
13,1.128e-05
14,9.34e-06
15,2.54e-06
16,2.63e-06
17,1.2e-06
18,2.21e-06
19,2.9e-07
20,3.4e-07
21,2e-07
22,2.5e-07
23,8.3e-07
24,2.72e-06
25,3e-08
26,5e-08
27,3e-08
28,1e-08
29,1e-08
30,6.2e-09
31,4.4e-09
32,6.3e-09
33,3.6e-09
34,4e-09
35,9.1e-09
36,1.2e-09
37,1.1e-09
38,1.1e-09
39,8.8e-10
1,0.00015545
2,0.00186704
3,0.00016924
4,0.00030568
5,7.687e-05
6,2.769e-05
7,1.676e-05
8,9.32e-06
9,1.353e-05
10,4.31e-06
11,1.59e-06
12,1.66e-06
13,5.07e-06
14,1.41e-06
15,4.7e-07
16,4.4e-07
17,2.7e-07
18,3e-07
19,7e-08
20,1.6e-07
21,3e-08
22,4e-08
23,3.2e-07
24,3e-07
25,2e-08
26,5.7e-09
27,5e-09
28,4.4e-09
29,7.1e-09
30,6.9e-09
31,1.7e-09
1,0.00016738
2,0.0003409
3,0.00085045
4,0.00029055
5,0.00013081
6,4.082e-05
7,3.081e-05
8,1.882e-05
9,1.045e-05
10,7.62e-06
11,5.14e-06
12,7.49e-06
13,2.735e-05
14,5.18e-06
15,2.15e-06
16,9.6e-07
17,6.4e-07
18,4.8e-07
19,5.1e-07
20,2.2e-07
21,1.9e-07
22,2.7e-07
23,3.3e-07
24,3.7e-07
25,7e-08
26,3e-08
27,3e-08
28,4e-08
29,2e-08
30,5.6e-09
31,3.6e-09
32,2.2e-09
33,5.2e-09
34,3e-08
35,2.8e-09
36,2.7e-09
37,7.5e-10
1,0.00031973
2,0.00028115
3,0.00211418
4,0.00222127
5,0.00019075
6,7.898e-05
7,7.171e-05
8,3.363e-05
9,2.091e-05
10,1.718e-05
11,8.65e-06
12,1.125e-05
13,7.61e-06
14,5.844e-05
15,8.15e-06
16,1.92e-06
17,1.06e-06
18,8.6e-07
19,9e-07
20,3.6e-07
21,4e-07
22,2.8e-07
23,8e-08
24,1.78e-06
25,2.9e-07
26,8e-08
27,5e-08
28,4e-08
29,2e-08
30,1e-08
31,9.6e-09
32,7.5e-09
33,4.1e-09
34,3e-08
35,7.6e-09
36,3.9e-09
37,2.3e-09
38,2e-09
39,9e-10
1,0.00032544
2,0.00082988
3,0.00128559
4,0.00047531
5,0.00027617
6,0.00011753
7,6.414e-05
8,3.512e-05
9,2.408e-05
10,1.268e-05
11,5.23e-06
12,1.025e-05
13,3.1e-06
14,2.44e-06
15,9.04e-06
16,1.071e-05
17,8.4e-07
18,1e-06
19,3.5e-07
20,2.2e-07
21,1.7e-07
22,2e-07
23,1.2e-07
24,8e-08
25,1e-07
26,1e-06
27,8e-08
28,2e-08
29,2e-08
30,8e-09
31,5.5e-09
32,5.8e-09
33,1.8e-09
34,1.7e-09
35,1.8e-09
36,2e-08
37,3.6e-09
38,7.3e-10
1,0.00022094
2,0.00018961
3,0.00048589
4,0.00604535
5,0.00015182
6,4.382e-05
7,3.081e-05
8,1.404e-05
9,2.153e-05
10,8.35e-06
11,5.25e-06
12,4.55e-06
13,1.09e-06
14,6.04e-06
15,1.125e-05
16,6e-07
17,5.2e-07
18,6.3e-07
19,3.4e-07
20,2.6e-07
21,7e-08
22,3e-08
23,3e-08
24,2e-08
25,1.8e-07
26,3e-08
27,2e-08
28,2e-08
29,4.8e-09
30,3.8e-09
31,1.7e-09
32,1.2e-09
33,1.4e-09
34,1.9e-09
35,1e-08
36,1.8e-09
37,5e-10
1,0.00023888
2,0.00050432
3,0.00080447
4,0.00049919
5,0.00016311
6,3.779e-05
7,2.681e-05
8,1.359e-05
9,1.305e-05
10,2.095e-05
11,2.69e-06
12,6.34e-06
13,4.684e-05
14,1.87e-06
15,1.47e-06
16,1.03e-06
17,5.3e-07
18,8.6e-07
19,3.6e-07
20,3.3e-07
21,1.5e-07
22,1.9e-07
23,4.06e-06
24,3.8e-07
25,2e-08
26,2e-08
27,1e-08
28,5.9e-09
29,6.4e-09
30,7.6e-09
31,2.3e-09
32,2.8e-09
33,2e-08
34,4.6e-09
35,1.4e-09
36,3.2e-09
37,1.2e-09
38,7.3e-10
1,0.00010702
2,0.00018669
3,0.00046643
4,0.00023982
5,6.355e-05
6,2.286e-05
7,1.1e-05
8,5.99e-06
9,9.77e-06
10,6.34e-06
11,1.83e-06
12,2.37e-06
13,6.32e-06
14,1.26e-06
15,5.3e-07
16,4.9e-07
17,6.2e-07
18,3.6e-07
19,2e-07
20,3.2e-07
21,9e-08
22,1.3e-07
23,9.2e-07
24,6.4e-07
25,2e-08
26,6.5e-09
27,7.2e-09
28,4.6e-09
29,4.9e-09
30,6.8e-09
31,9.4e-10
1,2.434e-05
2,2.784e-05
3,2.851e-05
4,0.00055649
5,2.99e-05
6,5.55e-06
7,4.17e-06
8,2.94e-06
9,2.44e-06
10,2.08e-06
11,9.9e-07
12,1.46e-06
13,8.7e-07
14,1.3e-07
15,2.73e-06
16,1.4e-07
17,8e-08
18,7e-08
19,7e-08
20,3e-08
21,3e-08
22,7.8e-09
23,7.8e-09
24,1e-08
25,1e-08
26,1e-08
27,4.3e-09
28,1.9e-09
29,1.4e-09
30,2.2e-09
31,6.4e-10
1,3.415e-05
2,0.00014718
3,8.065e-05
4,5.12e-05
5,3.319e-05
6,8.92e-06
7,2.92e-06
8,2.78e-06
9,1.71e-06
10,1.81e-06
11,1.41e-06
12,1.77e-06
13,8.07e-06
14,8.1e-07
15,1.5e-07
16,1.2e-07
17,1.1e-07
18,7e-08
19,6e-08
20,5e-08
21,3e-08
22,2e-08
23,2e-07
24,7e-08
25,2e-08
26,7.2e-09
27,2.1e-09
28,4.3e-09
29,6.5e-10
1,7.025e-05
2,0.00021331
3,0.0001787
4,0.00012368
5,6.221e-05
6,1.23e-05
7,6.37e-06
8,6.46e-06
9,7.7e-06
10,8.24e-06
11,1.089e-05
12,1.634e-05
13,4.408e-05
14,1.788e-05
15,2.113e-05
16,1.778e-05
17,5.64e-06
18,1.059e-05
19,3.91e-06
20,1.62e-06
21,2.2e-06
22,9.8e-07
23,2e-06
24,6.16e-06
25,8.1e-07
26,4.3e-07
27,4.4e-07
28,2.2e-07
29,1.8e-07
30,1.9e-07
31,2e-07
32,1.3e-07
33,1.3e-07
34,1.9e-07
35,2e-08
